{
  "imageSize": [
    640,
    480
  ],
  "wheels": [
    {
      "type": "rear",
      "carId": 0,
      "position": [
        0.5390625,
        -0.26041666666666674,
        -0.37857142857142856
      ],
      "quaternion": [
        0.036732198517634866,
        0.6696765113226507,
        -0.04062408132549145,
        0.7406306770525001
      ],
      "scale": 0.24285714285714285,
      "pixelCenter": [
        492.5,
        302.5
      ],
      "pixelRadius": 34.0
    },
    {
      "type": "front",
      "carId": 0,
      "position": [
        -0.42656249999999996,
        -0.37083333333333335,
        -0.34375
      ],
      "quaternion": [
        0.036732198517634866,
        0.6696765113226507,
        -0.04062408132549145,
        0.7406306770525001
      ],
      "scale": 0.3125,
      "pixelCenter": [
        183.5,
        329.0
      ],
      "pixelRadius": 43.75
    }
  ]
}